Week:,1,,,,,,,,,,,,,,,,,,
Day,Period 1,Period 1,Period 2,Period 2,Break ,Period 3,Period 3,Period 4,Period 4,Lunch,Lunch,Period 5,Period 5,Period 6,Period 6,ECA 1,ECA 1,ECA 2,ECA 2
Monday,unb,unb,unb,unb,unb,unb,unb,unb,unb,unb,unb,unb,unb,unb,unb,unb,unb,unb,unb
Tuesday,unb,unb,unb,unb,unb,unb,unb,unb,unb,unb,unb,unb,unb,unb,unb,unb,unb,unb,unb
Wednesday,unb,unb,unb,unb,unb,unb,unb,unb,unb,unb,unb,unb,unb,unb,unb,unb,unb,unb,unb
Thursday,unb,unb,unb,unb,unb,unb,unb,unb,unb,unb,unb,unb,unb,unb,unb,unb,unb,unb,unb
Friday,unb,unb,unb,unb,unb,unb,unb,unb,unb,unb,unb,unb,unb,unb,unb,unb,unb,unb,unb
,,,,,,,,,,,,,,,,,,,
Week:,2,,,,,,,,,,,,,,,,,,
Day,Period 1,Period 1,Period 2,Period 2,Break ,Period 3,Period 3,Period 4,Period4,Lunch,Lunch,Period 5,Period 5,Period 6,Period 6,ECA 1,ECA 1,ECA 2,ECA 2
Monday,unb,unb,unb,unb,unb,unb,unb,unb,unb,unb,unb,unb,unb,unb,unb,unb,unb,unb,unb
Tuesday,unb,unb,unb,unb,unb,unb,unb,unb,unb,unb,unb,unb,unb,unb,unb,unb,unb,unb,unb
Wednesday,unb,unb,unb,unb,unb,unb,unb,unb,unb,unb,unb,unb,unb,unb,unb,unb,unb,unb,unb
Thursday,unb,unb,unb,unb,unb,unb,unb,unb,unb,unb,unb,unb,unb,unb,unb,unb,unb,unb,unb
Friday,unb,unb,unb,unb,unb,unb,unb,unb,unb,unb,unb,unb,unb,unb,unb,unb,unb,unb,unb
,,,,,,,,,,,,,,,,,,,
Action:,Input:,,,,,,,,,,,,,,,,,,
Book,bkd,,,,,,,,,,,,,,,,,,
Un-Book,unb,,,,,,,,,,,,,,,,,,
Lock,lck,,,,,,,,,,,,,,,,,,
Lesson,lsn,,,,,,,,,,,,,,,,,,