Week:,1,,,,,,,,,
Day,Period1,Period2,Break ,Period3,Period4,Lunch,Period5,Period6,AfterschoolH1,AfterschoolH2
Monday,unbooked,unbooked,unbooked,unbooked,unbooked,unbooked,unbooked,unbooked,unbooked,unbooked
Tuesday,unbooked,unbooked,unbooked,unbooked,unbooked,unbooked,unbooked,unbooked,unbooked,unbooked
Wednesday,unbooked,unbooked,unbooked,unbooked,unbooked,unbooked,unbooked,unbooked,unbooked,unbooked
Thursday,unbooked,unbooked,unbooked,unbooked,unbooked,unbooked,unbooked,unbooked,unbooked,unbooked
Friday,unbooked,unbooked,unbooked,unbooked,unbooked,unbooked,unbooked,unbooked,unbooked,unbooked
,,,,,,,,,,
Week:,2,,,,,,,,,
Day,Period1,Period2,Break ,Period3,Period4,Lunch,Period5,Period6,AfterschoolH1,AfterschoolH2
Monday,unbooked,unbooked,unbooked,unbooked,unbooked,unbooked,unbooked,unbooked,unbooked,unbooked
Tuesday,unbooked,unbooked,unbooked,unbooked,unbooked,unbooked,unbooked,unbooked,unbooked,unbooked
Wednesday,unbooked,unbooked,unbooked,unbooked,unbooked,unbooked,unbooked,unbooked,unbooked,unbooked
Thursday,unbooked,unbooked,unbooked,unbooked,unbooked,unbooked,unbooked,unbooked,unbooked,unbooked
Friday,unbooked,unbooked,unbooked,unbooked,unbooked,unbooked,unbooked,unbooked,unbooked,unbooked
,,,,,,,,,,
Action:,Input:,,,,,,,,,
Book,booked,,,,,,,,,
Unbook,unbooked,,,,,,,,,
Lock,locked,,,,,,,,,
Lesson,lesson,,,,,,,,,